{
    "total_runtime": 1430.7634029388428,
    "num_documents": 1,
    "input_load_time": 0,
    "workflows": {
        "create_base_text_units": {
            "overall": 0.6316699981689453,
            "0_orderby": 0.008091926574707031,
            "1_zip": 0.0021331310272216797,
            "2_aggregate_override": 0.0054509639739990234,
            "3_chunk": 0.5586659908294678,
            "4_select": 0.0030791759490966797,
            "5_unroll": 0.005759000778198242,
            "6_rename": 0.0017957687377929688,
            "7_genid": 0.02246880531311035,
            "8_unzip": 0.0030727386474609375,
            "9_copy": 0.0018038749694824219,
            "10_filter": 0.01805710792541504
        },
        "create_base_extracted_entities": {
            "overall": 810.9400999546051,
            "0_entity_extract": 810.7337079048157,
            "1_merge_graphs": 0.20416498184204102
        },
        "create_summarized_entities": {
            "overall": 271.2487289905548,
            "0_summarize_descriptions": 271.24629616737366
        },
        "create_base_entity_graph": {
            "overall": 0.6496791839599609,
            "0_cluster_graph": 0.6440038681030273,
            "1_select": 0.0031538009643554688
        },
        "create_final_entities": {
            "overall": 5.847068786621094,
            "0_unpack_graph": 0.2348771095275879,
            "1_rename": 0.004417896270751953,
            "2_select": 0.003648042678833008,
            "3_dedupe": 0.0046880245208740234,
            "4_rename": 0.0034918785095214844,
            "5_filter": 0.015009880065917969,
            "6_text_split": 0.02036595344543457,
            "7_drop": 0.013453960418701172,
            "8_merge": 0.08289504051208496,
            "9_text_embed": 5.439593076705933,
            "10_drop": 0.004559040069580078,
            "11_filter": 0.017190217971801758
        },
        "create_final_nodes": {
            "overall": 1.791517972946167,
            "0_layout_graph": 0.9821150302886963,
            "1_unpack_graph": 0.35712099075317383,
            "2_unpack_graph": 0.34620070457458496,
            "3_filter": 0.032527923583984375,
            "4_drop": 0.005093812942504883,
            "5_select": 0.004761695861816406,
            "6_rename": 0.004698753356933594,
            "7_join": 0.018960952758789062,
            "8_convert": 0.028898000717163086,
            "9_rename": 0.006720066070556641
        },
        "create_final_communities": {
            "overall": 1.0914618968963623,
            "0_unpack_graph": 0.24513912200927734,
            "1_unpack_graph": 0.3391690254211426,
            "2_aggregate_override": 0.010448694229125977,
            "3_join": 0.025962114334106445,
            "4_join": 0.02464890480041504,
            "5_concat": 0.007561922073364258,
            "6_filter": 0.32445812225341797,
            "7_aggregate_override": 0.023465871810913086,
            "8_join": 0.008875608444213867,
            "9_filter": 0.015524864196777344,
            "10_fill": 0.006310701370239258,
            "11_merge": 0.04024314880371094,
            "12_copy": 0.006830930709838867,
            "13_select": 0.006676435470581055
        },
        "join_text_units_to_entity_ids": {
            "overall": 0.04769086837768555,
            "0_select": 0.007116079330444336,
            "1_unroll": 0.009665966033935547,
            "2_aggregate_override": 0.024191856384277344
        },
        "create_final_relationships": {
            "overall": 0.40741610527038574,
            "0_unpack_graph": 0.26775598526000977,
            "1_filter": 0.04396510124206543,
            "2_rename": 0.008903026580810547,
            "3_filter": 0.03785395622253418,
            "4_drop": 0.007799625396728516,
            "5_compute_edge_combined_degree": 0.010239839553833008,
            "6_convert": 0.016104936599731445,
            "7_convert": 0.007927894592285156
        },
        "join_text_units_to_relationship_ids": {
            "overall": 0.04960203170776367,
            "0_select": 0.008382081985473633,
            "1_unroll": 0.009488105773925781,
            "2_aggregate_override": 0.01557302474975586,
            "3_select": 0.008142709732055664
        },
        "create_final_community_reports": {
            "overall": 335.86558508872986,
            "0_prepare_community_reports_nodes": 0.03643393516540527,
            "1_prepare_community_reports_edges": 0.016227006912231445,
            "2_restore_community_hierarchy": 0.01619887351989746,
            "3_prepare_community_reports": 0.5416710376739502,
            "4_create_community_reports": 335.2306568622589,
            "5_window": 0.014760017395019531
        },
        "create_final_text_units": {
            "overall": 0.07728004455566406,
            "0_select": 0.009598016738891602,
            "1_rename": 0.010425090789794922,
            "2_join": 0.012459039688110352,
            "3_join": 0.013488292694091797,
            "4_aggregate_override": 0.012205123901367188,
            "5_select": 0.009983062744140625
        },
        "create_base_documents": {
            "overall": 0.12781405448913574,
            "0_unroll": 0.0220181941986084,
            "1_select": 0.012878179550170898,
            "2_rename": 0.011127233505249023,
            "3_join": 0.014507055282592773,
            "4_aggregate_override": 0.01125025749206543,
            "5_join": 0.012755870819091797,
            "6_rename": 0.010965108871459961,
            "7_convert": 0.022346973419189453
        },
        "create_final_documents": {
            "overall": 0.022176027297973633,
            "0_rename": 0.011298179626464844
        }
    }
}